epoch,time,train/box_loss,train/cls_loss,train/dfl_loss,metrics/precision(B),metrics/recall(B),metrics/mAP50(B),metrics/mAP50-95(B),val/box_loss,val/cls_loss,val/dfl_loss,lr/pg0,lr/pg1,lr/pg2
1,6.1025,2.60509,5.54114,2.47403,0.67402,0.02429,0.01974,0.01128,2.6426,4.70931,2.76038,7.272e-05,7.272e-05,7.272e-05
2,10.2259,2.20756,4.22491,2.18364,0.4113,0.14012,0.10145,0.0353,2.32854,3.63666,2.38276,0.00015147,0.00015147,0.00015147
3,14.7958,1.95475,3.30608,1.91357,0.32873,0.14458,0.13006,0.04771,2.25878,3.87442,2.18383,0.000226981,0.000226981,0.000226981
4,19.2429,1.89316,2.71802,1.82792,0.3733,0.19787,0.13186,0.05522,2.33464,5.20508,2.20496,0.000299252,0.000299252,0.000299252
5,23.4706,1.86985,2.45443,1.79296,0.19504,0.24384,0.12186,0.04305,2.44521,9.28052,2.48349,0.000368283,0.000368283,0.000368283
6,27.2887,1.84883,2.22391,1.79979,0.15167,0.11507,0.08987,0.02774,2.68541,5.03573,2.65081,0.000434075,0.000434075,0.000434075
7,31.1545,1.80798,2.07253,1.76766,0.14525,0.21214,0.10455,0.0421,2.61778,4.86233,2.85743,0.000496627,0.000496627,0.000496627
8,34.9868,1.8093,2.04383,1.77189,0.4222,0.26284,0.16747,0.06026,2.32874,13.0681,2.73399,0.000555939,0.000555939,0.000555939
9,39.2251,1.79632,1.95229,1.8055,0.33685,0.2641,0.14353,0.04704,2.52474,7.42118,2.91116,0.000612012,0.000612012,0.000612012
10,43.0392,1.81527,1.91771,1.78894,0.45897,0.15097,0.14816,0.05085,2.73363,4.92155,2.89611,0.000664844,0.000664844,0.000664844
11,46.8263,1.86114,1.8916,1.78252,0.21814,0.17004,0.10617,0.04149,2.51574,6.30854,2.81392,0.000714438,0.000714438,0.000714438
12,50.6677,1.81887,1.93722,1.75529,0.46426,0.17364,0.1354,0.05706,2.42508,8.7949,2.82623,0.00071102,0.00071102,0.00071102
13,54.5279,1.81665,1.86069,1.74261,0.36587,0.22656,0.1772,0.07475,2.40536,9.98218,2.76278,0.000693022,0.000693022,0.000693022
14,58.7912,1.76162,1.75719,1.71232,0.29071,0.16375,0.15701,0.05869,2.54522,7.79222,2.91865,0.000675023,0.000675023,0.000675023
15,62.7196,1.77715,1.79945,1.72459,0.29439,0.27334,0.21235,0.07839,2.45022,4.77837,2.79603,0.000657025,0.000657025,0.000657025
16,67.0189,1.71265,1.67817,1.70276,0.23414,0.24028,0.16052,0.05565,2.58314,6.42886,2.87912,0.000639027,0.000639027,0.000639027
17,70.9211,1.70271,1.58942,1.6831,0.24242,0.28302,0.18359,0.06468,2.51994,7.94698,2.73411,0.000621029,0.000621029,0.000621029
18,74.7924,1.64573,1.57652,1.61182,0.40173,0.34961,0.26707,0.0964,2.36357,4.36631,2.5844,0.000603031,0.000603031,0.000603031
19,79.038,1.65881,1.55688,1.62247,0.38164,0.24893,0.21836,0.08883,2.51781,3.76024,2.7199,0.000585032,0.000585032,0.000585032
20,82.8754,1.5945,1.42726,1.60047,0.37968,0.3063,0.24135,0.09365,2.47993,2.97335,2.64619,0.000567034,0.000567034,0.000567034
21,86.7071,1.55706,1.36732,1.56972,0.39942,0.28941,0.28513,0.10694,2.54231,3.10518,2.71778,0.000549036,0.000549036,0.000549036
22,90.967,1.5398,1.33387,1.56462,0.4421,0.36127,0.35488,0.13776,2.43473,2.77773,2.52513,0.000531038,0.000531038,0.000531038
23,95.185,1.54496,1.30628,1.54161,0.36987,0.3543,0.29448,0.11236,2.38304,2.40727,2.49276,0.00051304,0.00051304,0.00051304
24,99.0027,1.47675,1.24632,1.53134,0.40313,0.38583,0.34795,0.13253,2.29223,2.43161,2.39113,0.000495041,0.000495041,0.000495041
25,102.828,1.42077,1.18836,1.48008,0.47415,0.37875,0.35819,0.14969,2.28285,2.37062,2.3394,0.000477043,0.000477043,0.000477043
26,107.025,1.41443,1.09532,1.46603,0.42422,0.46082,0.39611,0.15772,2.35192,2.27108,2.43874,0.000459045,0.000459045,0.000459045
27,111.276,1.37751,1.11382,1.46228,0.52103,0.37615,0.38451,0.15244,2.37688,2.367,2.5084,0.000441047,0.000441047,0.000441047
28,115.088,1.33796,1.07115,1.41346,0.53661,0.39061,0.39844,0.14884,2.43011,2.28176,2.58203,0.000423049,0.000423049,0.000423049
29,118.941,1.32609,1.04691,1.40139,0.53649,0.36934,0.38618,0.16023,2.33386,2.27663,2.38752,0.00040505,0.00040505,0.00040505
30,123.187,1.26869,0.99222,1.37644,0.47616,0.37757,0.39448,0.15381,2.42582,2.28581,2.54578,0.000387052,0.000387052,0.000387052
31,127.042,1.28607,0.96842,1.37329,0.56333,0.36478,0.41492,0.17519,2.30445,2.19636,2.45524,0.000369054,0.000369054,0.000369054
32,131.307,1.26772,0.96654,1.35615,0.48521,0.40598,0.38524,0.16766,2.36212,2.13818,2.45658,0.000351056,0.000351056,0.000351056
33,135.16,1.18172,0.88917,1.30215,0.52531,0.36893,0.39984,0.16122,2.35813,2.25684,2.47114,0.000333058,0.000333058,0.000333058
34,139.007,1.20447,0.91814,1.31725,0.49313,0.42552,0.39852,0.17678,2.36252,2.08709,2.43449,0.000315059,0.000315059,0.000315059
35,142.88,1.20189,0.88353,1.30703,0.50568,0.45024,0.4414,0.19086,2.32867,2.0522,2.42237,0.000297061,0.000297061,0.000297061
36,147.079,1.0983,0.82005,1.2595,0.60782,0.40756,0.47334,0.21268,2.27283,1.94215,2.40805,0.000279063,0.000279063,0.000279063
37,151.317,1.12342,0.81716,1.28436,0.48461,0.39717,0.41301,0.19239,2.28751,2.12021,2.37312,0.000261065,0.000261065,0.000261065
38,155.169,1.04746,0.73685,1.22696,0.57381,0.34409,0.38181,0.17357,2.31877,2.19083,2.45025,0.000243067,0.000243067,0.000243067
39,158.994,1.0623,0.73708,1.23736,0.48621,0.42805,0.39055,0.17197,2.32492,2.23117,2.45622,0.000225068,0.000225068,0.000225068
40,162.789,1.03174,0.71552,1.19975,0.57614,0.40271,0.42703,0.1847,2.38175,2.20923,2.50261,0.00020707,0.00020707,0.00020707
41,167.951,1.00344,0.65454,1.21893,0.5768,0.41083,0.42437,0.19155,2.30625,2.23417,2.40789,0.000189072,0.000189072,0.000189072
42,171.847,0.95432,0.59707,1.19348,0.47593,0.44053,0.42919,0.20869,2.19473,2.07795,2.34199,0.000171074,0.000171074,0.000171074
43,175.652,0.90096,0.58504,1.15663,0.48281,0.4764,0.45316,0.20479,2.2452,2.08758,2.42497,0.000153076,0.000153076,0.000153076
44,179.471,0.86379,0.56313,1.1167,0.55902,0.45642,0.46287,0.21092,2.28843,1.97986,2.51547,0.000135077,0.000135077,0.000135077
45,183.279,0.82883,0.53797,1.1127,0.54676,0.42722,0.4662,0.21051,2.25251,2.10188,2.40353,0.000117079,0.000117079,0.000117079
46,187.103,0.78536,0.50231,1.08455,0.52591,0.45541,0.45408,0.20583,2.29457,2.15398,2.45704,9.9081e-05,9.9081e-05,9.9081e-05
47,190.932,0.76199,0.4865,1.07074,0.62727,0.4226,0.46137,0.20155,2.30978,2.20473,2.47831,8.10828e-05,8.10828e-05,8.10828e-05
48,194.768,0.76058,0.47401,1.06386,0.61545,0.42658,0.48171,0.22083,2.22305,2.18572,2.43066,6.30846e-05,6.30846e-05,6.30846e-05
49,198.989,0.71575,0.48555,1.05852,0.523,0.47348,0.46856,0.21154,2.25144,2.18998,2.48955,4.50864e-05,4.50864e-05,4.50864e-05
50,202.789,0.68929,0.43871,1.04203,0.52288,0.45484,0.45801,0.20784,2.24772,2.20436,2.49057,2.70882e-05,2.70882e-05,2.70882e-05
